epoch,train_loss,train_acc,test_loss,test_acc
1,1.482842,0.45878,1.130726,0.5959
2,1.081769,0.61914,0.922611,0.6753
3,0.912406,0.6844,0.832532,0.7102
4,0.813898,0.71928,0.782184,0.7334
5,0.748869,0.74274,0.746464,0.7476
6,0.696443,0.76148,0.669849,0.7729
7,0.6495,0.77692,0.686632,0.7647
8,0.608766,0.79098,0.654972,0.7834
9,0.578846,0.8007,0.633623,0.7905
10,0.547311,0.8115,0.658239,0.7796
